Unilever,Food,AdeS,Tea and Soy & Fruit Beverages,Soy & Fruit Beverages
Unilever,Food,Altis,Other Foods,Edible Fats & Oils
Unilever,Food,Arisco,Dressings,Ketchup
Unilever,Food,Arisco,Dressings,Mayonnaise
Unilever,Food,Arisco,Savoury,Savoury Unidentified
Unilever,Food,Baltimor,Dressings,Ketchup
Unilever,Food,Becel,Spreads,Spreads Unidentified
Unilever,Food,Becel,Spreads,Yellow Fats
Unilever,Food,Bonella,Spreads,Yellow Fats
Unilever,Food,Calve,Dressings,Ketchup
Unilever,Food,Calve,Dressings,Mayonnaise
Unilever,Food,Carte d'Or,Ice Cream,Ice Cream Unidentified
Unilever,Food,Carte d'Or,Ice Cream,In Home Ice Cream
Unilever,Food,Continental,Savoury,Cooking Products
Unilever,Food,Cornetto,Ice Cream,Ice Cream Unidentified
Unilever,Food,Cornetto,Ice Cream,In Home Ice Cream
Unilever,Food,Cornetto,Ice Cream,Out of Home Ice Cream
Unilever,Food,Dorina,Spreads,Yellow Fats
Unilever,Food,Fanacoa,Dressings,Dressings Unidentified
Unilever,Food,Flora,Spreads,Yellow Fats
Unilever,Food,Food Solutions,Savoury,Savoury Unidentified
Unilever,Food,Fruco,Dressings,Mayonnaise
Unilever,Food,Fruco,Dressings,Dressings Unidentified
Unilever,Food,Hellmanns,Dressings,Dressings Unidentified
Unilever,Food,Hellmanns,Dressings,Ketchup
Unilever,Food,Hellmanns,Dressings,Mayonnaise
Unilever,Food,Iberia,Spreads,Yellow Fats
Unilever,Food,ICBINB!,Spreads,Yellow Fats
Unilever,Food,Knorr,Savoury,Cooking Products
Unilever,Food,Knorr,Savoury,Savoury Unidentified
Unilever,Food,Knorr,Savoury,Soups
Unilever,Food,La Danesa,Spreads,Yellow Fats
Unilever,Food,Lizano,Dressings,Ketchup
Unilever,Food,Lizano,Dressings,Mayonnaise
Unilever,Food,Lizano,Savoury,Sauces
Unilever,Food,Magnum,Ice Cream,Ice Cream Unidentified
Unilever,Food,Magnum,Ice Cream,In Home Ice Cream
Unilever,Food,Magnum,Ice Cream,Out of Home Ice Cream
Unilever,Food,Maille,Dressings,Dressings Unidentified
Unilever,Food,Maizena,Other Foods,Other Misc Foods
Unilever,Food,Maizena,Savoury,Cooking Products
Unilever,Food,Maizena,Savoury,Savoury Unidentified
Unilever,Food,Maizena,Savoury,Soups
Unilever,Food,Malloa,Savoury,Savoury Unidentified
Unilever,Food,Malloa,Savoury,Sauces
Unilever,Food,Max,Ice Cream,Ice Cream Unidentified
Unilever,Food,Max,Ice Cream,In Home Ice Cream
Unilever,Food,Max,Ice Cream,Out of Home Ice Cream
Unilever,Food,Mirasol,Spreads,Yellow Fats
Unilever,Food,Natura's,Dressings,Ketchup
Unilever,Food,Natura's,Savoury,Sauces
Unilever,Food,Planta,Spreads,Yellow Fats
Unilever,Food,Primavera,Spreads,Yellow Fats
Unilever,Food,Pummaro,Savoury,Savoury Unidentified
Unilever,Food,Rama,Spreads,Yellow Fats
Unilever,Food,Rik,Dressings,Dressings Unidentified
Unilever,Food,Savora,Dressings,Dressings Unidentified
Unilever,Food,Solero,Ice Cream,Ice Cream Unidentified
Unilever,Food,Unilever Brand Range,Personal Care Unidentified,Personal Care Unidentified
Unilever,Food,Vaquiero,Spreads,Yellow Fats
Unilever,Food,Vitam,Spreads,Yellow Fats
Unilever,Home Care,Sun,Household Care,Dishwash
Unilever,Home Care,Ala,Laundry,Fabrics Cleaning
Unilever,Home Care,Brilhante,Laundry,Fabrics Cleaning
Unilever,Home Care,Cif,Household Care,Dishwash
Unilever,Home Care,Cif,Household Care,Household Cleaning
Unilever,Home Care,Comfort,Laundry,Fabric Conditioners
Unilever,Home Care,Cunatai,Laundry,Fabrics Cleaning
Unilever,Home Care,Deja,Laundry,Fabrics Cleaning
Unilever,Home Care,Domestos,Household Care,Household Cleaning
Unilever,Home Care,Drive,Laundry,Fabrics Cleaning
Unilever,Home Care,Fab,Laundry,Fabrics Cleaning
Unilever,Home Care,Fofo,Laundry,Fabric Conditioners
Unilever,Home Care,Glorix,Household Care,Household Cleaning
Unilever,Home Care,Klinex,Household Care,Household Cleaning
Unilever,Home Care,Lavomatic,Laundry,Fabrics Cleaning
Unilever,Home Care,Lifebuoy,Skin Cleansing,Skin Cleansing
Unilever,Home Care,Lux,Skin Care,Skin Care Unidentified
Unilever,Home Care,Lux,Skin Cleansing,Skin Cleansing
Unilever,Home Care,Nevex,Laundry,Fabrics Cleaning
Unilever,Home Care,Omo,Laundry,Fabrics Cleaning
Unilever,Home Care,Proderm,Skin Care,Skin Care Unidentified
Unilever,Home Care,Pureit,Water Purification Category,Water Purification
Unilever,Home Care,Puro,Laundry,Fabrics Cleaning
Unilever,Home Care,Quix,Household Care,Dishwash
Unilever,Home Care,Rinso,Laundry,Fabrics Cleaning
Unilever,Home Care,Skip,Laundry,Fabrics Cleaning
Unilever,Home Care,Soft,Laundry,Fabric Conditioners
Unilever,Home Care,Surf,Laundry,Fabrics Cleaning
Unilever,Home Care,Vim,Household Care,Dishwash
Unilever,Home Care,Vim,Household Care,Household Cleaning
Unilever,Home Care,Vivere,Laundry,Fabric Conditioners
Unilever,Home Care,Xedex,Laundry,Fabrics Cleaning
Unilever,Home Care,X-Tra,Laundry,Fabrics Cleaning
Unilever,Home Care,Zed,Laundry,Fabrics Cleaning
Unilever,Personal Care,100 Recipes,Skin Care,Face
Unilever,Personal Care,Aim,Oral Care,Toothbrush
Unilever,Personal Care,Aim,Oral Care,Toothpaste
Unilever,Personal Care,Antiall,Hair Care,Hair Care Unidentified
Unilever,Personal Care,Axe,Deodorants & Fragrances,Deodorants
Unilever,Personal Care,Axe,Hair Care,Wash & Care
Unilever,Personal Care,Axe,Skin Cleansing,Skin Cleansing
Unilever,Personal Care,Black Pearl,Skin Care,Face
Unilever,Personal Care,Clear,Hair Care,Hair Care Unidentified
Unilever,Personal Care,Clear,Hair Care,Wash & Care
Unilever,Personal Care,Close Up,Oral Care,Oral Care Unidentified
Unilever,Personal Care,Dove,Deodorants & Fragrances,Deodorants
Unilever,Personal Care,Dove,Hair Care,Hair Care Unidentified
Unilever,Personal Care,Dove,Hair Care,Wash & Care
Unilever,Personal Care,Dove,Skin Care,Face
Unilever,Personal Care,Dove,Skin Care,Hand & Body Care
Unilever,Personal Care,Dove,Skin Cleansing,Skin Cleansing
Unilever,Personal Care,Dove Men+Care,Deodorants & Fragrances,Deodorants
Unilever,Personal Care,Dove Men+Care,Hair Care,Hair Care Unidentified
Unilever,Personal Care,Dove Men+Care,Skin Cleansing,Skin Cleansing
Unilever,Personal Care,Fair & Lovely,Skin Care,Skin Care Unidentified
Unilever,Personal Care,Farmaco,Skin Care,Face
Unilever,Personal Care,Folicure,Hair Care,Wash & Care
Unilever,Personal Care,Forest Balsam,Oral Care,Mouthwash & Other Oral
Unilever,Personal Care,Forest Balsam,Oral Care,Toothpaste
Unilever,Personal Care,Impulse,Deodorants & Fragrances,Deodorants
Unilever,Personal Care,Le Sancy,Skin Cleansing,Skin Cleansing
Unilever,Personal Care,Linic,Hair Care,Wash & Care
Unilever,Personal Care,Little Fairy,Hair Care,Hair Care Unidentified
Unilever,Personal Care,Lord Cheseline,Deodorants & Fragrances,Fragrances
Unilever,Personal Care,Patrichs,Deodorants & Fragrances,Deodorants
Unilever,Personal Care,Pepsodent,Oral Care,Toothbrush
Unilever,Personal Care,Pepsodent,Oral Care,Toothpaste
Unilever,Personal Care,Ponds,Skin Care,Face
Unilever,Personal Care,Pure Line,Deodorants & Fragrances,Deodorants
Unilever,Personal Care,Pure Line,Hair Care,Wash & Care
Unilever,Personal Care,Pure Line,Skin Care,Face
Unilever,Personal Care,Regenerate,Oral Care,Oral Care Unidentified
Unilever,Personal Care,Rexona,Deodorants & Fragrances,Deodorants
Unilever,Personal Care,Rexona,Skin Cleansing,Skin Cleansing
Unilever,Personal Care,Seda,Hair Care,Wash & Care
Unilever,Personal Care,Sedal,Hair Care,Hair Care Unidentified
Unilever,Personal Care,Sedal,Hair Care,Wash & Care
Unilever,Personal Care,Signal,Oral Care,Oral Care Unidentified
Unilever,Personal Care,Signal,Oral Care,Toothpaste
Unilever,Personal Care,Silky Hands,Skin Care,Hand & Body Care
Unilever,Personal Care,Silky Hands,Skin Cleansing,Skin Cleansing
Unilever,Personal Care,St Ives,Skin Care,Face
Unilever,Personal Care,St Ives,Skin Care,Hand & Body Care
Unilever,Personal Care,Suave,Hair Care,Wash & Care
Unilever,Personal Care,Sunsilk,Hair Care,Hair Care Unidentified
Unilever,Personal Care,Sunsilk,Hair Care,Wash & Care
Unilever,Personal Care,Timotei,Hair Care,Hair Care Unidentified
Unilever,Personal Care,Timotei,Hair Care,Wash & Care
Unilever,Personal Care,Timotei,Skin Cleansing,Skin Cleansing
Unilever,Personal Care,Toni & Guy,Hair Care,Wash & Care
Unilever,Personal Care,TRESemme,Hair Care,Hair Care Unidentified
Unilever,Personal Care,TRESemme,Hair Care,Wash & Care
Unilever,Personal Care,Ultrex,Hair Care,Wash & Care
Unilever,Personal Care,Vaseline,Skin Care,Skin Care Unidentified
Unilever,Personal Care,Vasenol,Personal Care Unidentified,Personal Care Unidentified
Unilever,Personal Care,Vasenol,Skin Care,Face
Unilever,Personal Care,Vasenol,Skin Care,Hand & Body Care
Unilever,Personal Care,Veritas,Skin Care,Hand & Body Care
Unilever,Refreshment,Ben & Jerry's,Ice Cream,In Home Ice Cream
Unilever,Refreshment,Ben & Jerry's,Ice Cream,Out of Home Ice Cream
Unilever,Refreshment,Beseda,Tea and Soy & Fruit Beverages,Leaf & Instant Tea
Unilever,Refreshment,Brooke Bond,Tea and Soy & Fruit Beverages,Leaf & Instant Tea
Unilever,Refreshment,Cafe Zero,Ice Cream,Out of Home Ice Cream
Unilever,Refreshment,Club,Tea and Soy & Fruit Beverages,Leaf & Instant Tea
Unilever,Refreshment,EVGA,Ice Cream,Ice Cream Unidentified
Unilever,Refreshment,Fruttare,Ice Cream,Ice Cream Unidentified
Unilever,Refreshment,Fruttare,Ice Cream,In Home Ice Cream
Unilever,Refreshment,Fruttare,Ice Cream,Out of Home Ice Cream
Unilever,Refreshment,Holanda,Ice Cream,Ice Cream Unidentified
Unilever,Refreshment,Karabola,Ice Cream,Ice Cream Unidentified
Unilever,Refreshment,Kibon,Ice Cream,In Home Ice Cream
Unilever,Refreshment,Lipton Ice Tea,Tea and Soy & Fruit Beverages,Ready To Drink Tea
Unilever,Refreshment,Lipton Tea,Tea and Soy & Fruit Beverages,Leaf & Instant Tea
Unilever,Refreshment,Lipton Tea,Tea and Soy & Fruit Beverages,Ready To Drink Tea
Unilever,Refreshment,Lipton Tea,Tea and Soy & Fruit Beverages,Soy & Fruit Beverages
Unilever,Refreshment,McColins,Tea and Soy & Fruit Beverages,Leaf & Instant Tea
Unilever,Refreshment,Ola,Ice Cream,In Home Ice Cream
Unilever,Refreshment,Ola,Ice Cream,Out of Home Ice Cream
Unilever,Refreshment,Pinguino,Ice Cream,In Home Ice Cream
Unilever,Refreshment,Pinguino,Ice Cream,Out of Home Ice Cream
Unilever,Refreshment,Scandal,Ice Cream,Ice Cream Unidentified
Unilever,Refreshment,Tio Rico,Ice Cream,Ice Cream Unidentified
Unilever,Refreshment,Zolotoy Standart,Ice Cream,Ice Cream Unidentified
